id;title;quantity;price;tags;image;type;suggested;description
1;Amlou de Cajou;1kg;180;Amlou|Cajou|Naturel;latest/amlou-akajou-1000.webp;amlou;0;Une source riche d'énergie durable ! L'Amlou de Cajou traditionnel offre un mélange idéal de graisses saines (provenant des noix de cajou), de protéines végétales et de miel naturel. Parfait pour commencer la journée activement, il soutient les sportifs pour compenser l'énergie et aide à la croissance des enfants grâce à sa richesse en minéraux comme le magnésium et le zinc.
2;Amlou de Cajou;250g;45;Amlou|Cajou|Naturel;latest/amlou-akajou-250.webp;amlou;0;Un repas sain et rapide à portée de main. Ce petit emballage conserve tous les bienfaits de l'Amlou de Cajou : des graisses insaturées qui soutiennent la santé cardiaque, une énergie naturelle et des protéines pour une satiété plus longue. Solution idéale pour le petit-déjeuner à emporter ou comme collation nutritive.
3;Amlou de Cajou;1.5kg;270;Amlou|Cajou|Famille;latest/amlou-akajou-500-1000.webp;amlou;0;Le choix économique parfait pour une famille saine. L'Amlou de Cajou familial garantit une source naturelle d'énergie riche en fibres et en protéines pour tous les membres de la famille, tout en conservant une alimentation équilibrée sans conservateurs ni sucres raffinés.
4;Amlou de Cajou;500g;90;Amlou|Cajou|Naturel;latest/amlou-akajou-500.webp;amlou;0;Un soutien nutritionnel quotidien dans une texture crémeuse délicieuse. Cet Amlou est fait de noix de cajou grillées pour rehausser la saveur et la valeur nutritionnelle, ce qui en fait une excellente source d'énergie à libération lente, aidant à stabiliser les niveaux de sucre dans le sang tout au long de la journée.
5;Amlou de Cajou;700g;126;Amlou|Cajou;latest/amlou-akajou-700.webp;amlou;0;Une qualité supérieure préservée dans chaque cuillère. Cet Amlou de Cajou préserve les enzymes naturelles et les bienfaits pour la santé des noix de cajou et du miel, ce qui en fait un choix intelligent pour ceux qui cherchent une alternative saine et onctueuse aux sucreries de table ou à tartiner sur du pain.
6;Amlou au Chocolat;250g;35;Amlou|Chocolat|Énergie;latest/amlou-chokolata-250.webp;amlou;0;Un mélange magique d'énergie et de saveur ! Cet Amlou combine les bienfaits des noix et du miel avec les antioxydants présents dans le cacao naturel. Offre un coup de pouce rapide d'énergie et de vivacité mentale, et est un choix apprécié des enfants comme alternative saine aux bonbons industriels.
7;Amlou de Pistache;1kg;220;Amlou|Pistache|Premium;latest/amlou-fostok-1000.webp;amlou;0;Le roi des noix sous une forme saine. L'Amlou de Pistache est exceptionnellement riche en antioxydants (comme la lutéine) et en graisses mono-insaturées qui soutiennent la santé des yeux et du cœur. Son goût luxueux s'accompagne d'une haute valeur nutritionnelle pour les sportifs et pour maintenir la vitalité.
8;Amlou de Pistache;1.5kg;330;Amlou|Pistache|Famille;latest/amlou-fostok-500-1000.webp;amlou;0;Un investissement pour la santé familiale. Le format familial de l'Amlou de Pistache fournit une source économique de protéines végétales, de fibres et de fer, soutenant la croissance des enfants et aidant les adultes à se sentir rassasiés.
9;Amlou de Pistache;500g;110;Amlou|Pistache;latest/amlou-fostok-500.webp;amlou;0;Une collation riche en oligo-éléments. Les pistaches sont une bonne source de potassium et de vitamine B6. Cet Amlou 100% naturel est un choix idéal pour ceux qui suivent un régime alimentaire sain, car il contribue à améliorer le métabolisme.
10;Amlou au Cacao;1kg;40;Amlou|Cacao|Économique;latest/amlou-kawkaw-1000.webp;amlou;0;Énergie quotidienne avec les bienfaits du cacao. Cet Amlou économique est riche en fer et en magnésium provenant du cacao brut, soutenant la santé musculaire et nerveuse. Facile à digérer et considéré comme une bonne source d'énergie à la fois simple et complexe.
11;Amlou au Cacao;1.5kg;60;Amlou|Cacao|Famille;latest/amlou-kawkaw-500-1000.webp;amlou;0;Un goût traditionnel avec des bienfaits santé pour la famille. Ce grand format fournit un boost d'antioxydants qui combattent les radicaux libres, avec une énergie à libération modérée qui aide les membres de la famille à rester actifs plus longtemps.
12;Amlou au Cacao;500g;20;Amlou|Cacao;latest/amlou-kawkaw-500.webp;amlou;0;Une alternative saine et judicieuse aux sucres. Parfait pour un petit-déjeuner rapide, car il fournit de l'énergie au corps sans augmenter fortement la glycémie, grâce au mélange de cacao et de miel naturel qui offre une douceur équilibrée.
13;Amlou d'Amande;1kg;150;Amlou|Amande|Naturel;latest/amlou-louz-1000.webp;amlou;1;La puissance du super-aliment en pot. L'Amlou d'Amande est riche en vitamine E antioxydante, en calcium pour soutenir les os et en graisses saines pour le cœur. Renforce l'immunité et procure une énergie durable, le rendant idéal pour les étudiants et les sportifs.
14;Amlou d'Amande;250g;37.5;Amlou|Amande;latest/amlou-louz-250.webp;amlou;0;Votre compagnon santé en déplacement. Ce petit emballage contient tous les bienfaits des amandes : améliore la santé de la peau et des cheveux, soutient les fonctions cognitives et procure une satiété saine entre les repas principaux.
15;Amlou d'Amande;1.5kg;225;Amlou|Amande|Famille;latest/amlou-louz-500-1000.webp;amlou;0;Les soins familiaux commencent par la nutrition. Le format familial fournit une dose quotidienne de fibres et de protéines qui régulent la digestion et construisent les tissus corporels, le tout sans aucun additif industriel, juste les ingrédients dans leur forme naturelle la plus simple.
16;Amlou d'Amande;500g;75;Amlou|Amande;latest/amlou-louz-500.webp;amlou;0;La pureté de la nature dans chaque bouchée. Un produit 100% naturel sans conservateurs ni colorants artificiels. Les amandes grillées conservent leur huile naturelle riche en Oméga-9, ce qui en fait un ajout intelligent à tout régime alimentaire équilibré.
17;Amlou d'Amande;700g;105;Amlou|Amande;latest/amlou-louz-700.webp;amlou;0;Un équilibre parfait entre qualité et quantité. Offre une haute valeur nutritionnelle à un prix raisonnable, les amandes étant l'une des meilleures sources de protéines végétales complètes, ce qui en fait un excellent choix pour les végétariens et les soucieux de leur santé.
18;Amlou aux Graines de Courge;250g;37.5;Amlou|Courge;latest/amlou-yaktin-250.webp;amlou;0;Un trésor de minéraux pour les corps actifs. L'Amlou aux Graines de Courge est riche en zinc qui soutient l'immunité et la santé reproductive, en magnésium pour la relaxation et en fer pour lutter contre l'anémie. Une saveur unique et des bienfaits exceptionnels.
19;Amlou aux Graines de Courge;500g;75;Amlou|Courge;latest/amlou-yaktin-500.webp;amlou;0;Un soutien complet pour la santé générale. Les graines de courge sont une excellente source de fibres qui améliorent la digestion et d'acides gras essentiels. Idéal pour ceux qui cherchent une collation rassasiante et saine adaptée à différents régimes.
20;Complément pour Éjaculation Rapide;350g;200;Complément|Santé;latest/complement-kadf_sari3-350.webp;complement;0;Un soutien naturel pour la santé sexuelle et le contrôle. Ce complément alimentaire, préparé à partir d'herbes naturelles sélectionnées, contribue à améliorer les performances sexuelles et à renforcer le contrôle en soutenant l'équilibre hormonal naturel et en augmentant la vitalité sans produits chimiques.
21;Complément Revitalisant Naturel;350g;200;Complément|Énergie;latest/complement-monachit_tabi3i-350.webp;complement;0;Énergie mentale et physique de la nature. Conçu pour stimuler naturellement l'activité et la vigilance mentale, ce complément soutient la capacité de concentration et réduit le stress physique, le rendant idéal pour les travailleurs et les étudiants pendant les périodes intensives.
22;Miel aux Herbes;500g;80;Miel|Herbes|Naturel;latest/honey-aachab-500.webp;honey;0;Une pharmacie naturelle en pot. Ce mélange unique de miel pur et d'herbes bénéfiques renforce l'immunité générale du corps, apaise le système digestif, améliore la digestion et fournit au corps énergie et vitalité pour affronter la journée.
23;Miel Multiflores;1kg;150;Miel|Fleurs;latest/honey-azhar-1000.webp;honey;0;Une diversité nutritionnelle dans chaque cuillère. Un miel multi-sources, combinant les bienfaits de plusieurs fleurs pour donner un miel au goût et aux bienfaits équilibrés. Une source naturelle d'antioxydants et de sucres simples à absorption rapide pour une énergie instantanée.
24;Miel de Caroube;1kg;170;Miel|Caroube;latest/honey-caroub-1000.webp;honey;0;Un ami du système digestif. Le Miel de Caroube est riche en minéraux comme le potassium et le calcium, aide à apaiser l'estomac et à renforcer les os. Il fournit également une énergie durable grâce à un index glycémique modéré.
25;Miel de Caroube;1.5kg;255;Miel|Caroube|Famille;latest/honey-caroub-500-1000.webp;honey;0;Soin familial pour la digestion et les os. Le grand format économique garantit que la famille obtient un miel naturel qui soutient la santé digestive des enfants et des adultes, et contribue à construire des os solides.
26;Miel de Caroube;500g;85;Miel|Caroube;latest/honey-caroub-500.webp;honey;1;Un miel quotidien aux bienfaits distingués. Parfait pour une consommation quotidienne au petit-déjeuner, car il agit comme un édulcorant naturel sain, aide à compenser les carences en minéraux et soutient naturellement les fonctions intestinales.
27;Miel de Chardon;1kg;300;Miel|Chardon;latest/honey-chouk-1000.webp;honey;0;Un bouclier naturel pour l'immunité. Le Miel de Chardon est considéré comme l'un des miels marocains les plus puissants pour soutenir le système immunitaire et résister aux infections, grâce à sa composition riche en antioxydants et en composés végétaux fortifiants pour le corps.
28;Miel de Chardon;1.5kg;450;Miel|Chardon|Famille;latest/honey-chouk-500-1000.webp;honey;0;Une protection complète pour la famille contre les maladies. Le grand format fournit une source économique de miel de haute qualité thérapeutique, aidant à protéger tous les membres de la famille pendant les changements de saisons et par temps froid.
29;Miel de Chardon;500g;150;Miel|Chardon;latest/honey-chouk-500.webp;honey;0;Pureté et concentration de bienfaits. Un miel pur à la texture épaisse et au goût prononcé, une petite quantité suffit pour obtenir ses bienfaits. Idéal pour un usage thérapeutique ou comme tonique général en cas de sensation d'épuisement.
30;Miel de Daghmous;1kg;300;Miel|Daghmous;latest/honey-daghmouss-1000.webp;honey;0;De l'or liquide aux bienfaits rares. Le Miel de Daghmous est l'un des types de miel les plus fins, distingué par sa richesse en éléments rares et en antioxydants puissants. Soutient le foie et les reins, procure une énergie supérieure et est considéré comme un tonique général pour le corps.
31;Miel de Daghmous;1.5kg;450;Miel|Daghmous|Famille;latest/honey-daghmouss-500-1000.webp;honey;0;Un luxe santé pour la famille. Ce format allie qualité luxueuse et rendement économique. Une source d'énergie propre et d'alimentation complète qui aide à construire une forte immunité et à résister au stress quotidien.
32;Miel de Daghmous;500g;150;Miel|Daghmous;latest/honey-daghmouss-500.webp;honey;0;Traitement et prévention au quotidien. Idéal pour une consommation régulière pour prévenir les maladies, ou comme partie du régime alimentaire des adeptes de la médecine alternative, en raison de sa forte réputation thérapeutique dans l'héritage marocain.
33;Miel d'Eucalyptus;1kg;180;Miel|Eucalyptus;latest/honey-eucaliptus-1000.webp;honey;0;Un soutien naturel pour le système respiratoire. Connu pour ses propriétés antiseptiques pour les voies respiratoires. Aide à apaiser la toux et les maux de gorge, et renforce l'immunité pour résister naturellement aux rhumes et à la grippe.
34;Miel d'Eucalyptus;1.5kg;270;Miel|Eucalyptus|Famille;latest/honey-eucaliptus-500-1000.webp;honey;0;Un confort respiratoire pour toute la famille. Le format économique rend ce miel thérapeutique accessible à tous pendant l'hiver et le printemps, pour protéger les enfants et les adultes des problèmes respiratoires.
35;Miel d'Eucalyptus;500g;90;Miel|Eucalyptus;latest/honey-eucaliptus-500.webp;honey;0;Rafraîchissant et sain. Son goût rafraîchissant et son arôme distinctif le rendent populaire pour une utilisation avec le thé ou l'eau tiède, comme boisson santé apaisante pour la gorge et rafraîchissante pour l'haleine en même temps.
36;Miel de Farnan;1kg;300;Miel|Farnan;latest/honey-farnan-1000.webp;honey;1;Une énergie pure avec un parfum aromatique luxueux. Le Miel de Farnan rare se distingue par son goût aromatique unique et sa richesse en sucres naturels à absorption rapide, ce qui en fait une excellente source d'énergie instantanée pour le corps et le cerveau.
37;Miel de Farnan;1.5kg;450;Miel|Farnan|Famille;latest/honey-farnan-500-1000.webp;honey;0;Une nutrition luxueuse en format familial. Combine bienfaits et fraîcheur, idéal pour sucrer les boissons et les plats sains de manière raffinée, tout en garantissant un miel pur non traité thermiquement.
38;Miel de Farnan;500g;150;Miel|Farnan;latest/honey-farnan-500.webp;honey;0;Une touche de luxe sur votre table quotidienne. Même dans un usage quotidien, le Miel de Farnan ajoute une valeur nutritionnelle et un goût distingué à votre petit-déjeuner, soutient les niveaux d'énergie tout en préservant la pureté des ingrédients.
39;Miel de Roquette;1kg;250;Miel|Roquette;latest/honey-jarjir-1000.webp;honey;0;Un miel stimulant et tonique général. Connu en médecine traditionnelle pour ses bienfaits à stimuler la circulation sanguine et à augmenter la vitalité. Une excellente source d'énergie durable et de vitamines naturelles dont le corps a besoin pour l'activité.
40;Miel de Roquette;1.5kg;375;Miel|Roquette|Famille;latest/honey-jarjir-500-1000.webp;honey;0;Activité et bien-être pour la famille. Ce miel aide à surmonter la fatigue et à compenser les carences nutritionnelles, ce qui en fait un ajout important au régime alimentaire familial, surtout pendant les périodes de travail ou d'étude intensives.
41;Miel de Roquette;500g;125;Miel|Roquette;latest/honey-jarjir-500.webp;honey;0;Une résistance quotidienne à la fatigue. Son goût prononcé reflète sa haute concentration en nutriments. Une cuillère suffit pour donner un coup de fouet d'activité, et c'est un choix sain pour ceux qui cherchent une alternative naturelle aux stimulants industriels.
42;Miel au Citron;1kg;100;Miel|Citron;latest/honey-orange-1000.webp;honey;0;Une défense double : immunité et énergie. Combine les propriétés immunostimulantes du miel avec les bienfaits du citron riche en vitamine C. Idéal pour prévenir les rhumes, améliorer la digestion et commencer la journée avec activité et fraîcheur.
43;Miel au Citron;1.5kg;150;Miel|Citron|Famille;latest/honey-orange-500-1000.webp;honey;1;Une santé hivernale pour la famille à un prix raisonnable. Le grand format en fait le choix optimal pour préparer des boissons chaudes saines tout l'hiver, pour protéger tous les membres de la famille avec un goût délicieux et rafraîchissant.
44;Miel au Citron;500g;50;Miel|Citron;latest/honey-orange-500.webp;honey;0;Rafraîchissant et sain à tout moment. Son goût léger et légèrement acide le rend apprécié des grands et des petits. Peut être utilisé avec du yaourt ou de l'eau tiède comme routine saine pour renforcer l'immunité et la digestion.
45;Miel de Printemps;1kg;130;Miel|Printemps;latest/honey-rbi3-1000.webp;honey;0;Le meilleur de ce que la nature produit au printemps. Un miel multiflore riche en nutriments intégrés provenant de nectars de fleurs diverses. Offre un équilibre merveilleux entre goût et bienfaits, et est l'un des meilleurs types de miel pour une consommation quotidienne générale.
46;Miel de Printemps;1.5kg;195;Miel|Printemps|Famille;latest/honey-rbi3-500-1000.webp;honey;0;Le miel de base dans chaque foyer. Économique, polyvalent et sain. Le format familial répond aux besoins quotidiens de la cuisine pour sucrer et préparer des aliments sains, tout en garantissant qualité naturelle et pureté.
47;Miel de Printemps;500g;65;Miel|Printemps;latest/honey-rbi3-500.webp;honey;0;Un miel quotidien équilibré. Pur et léger, convient à tous les goûts. Idéal pour ceux qui essaient le miel pour la première fois ou qui cherchent un miel au goût modéré et aux bienfaits généraux complets pour tous les membres de la famille.
48;Miel de Sidr;500g;110;Miel|Sidr;latest/honey-sidr-500.webp;honey;0;Le roi du miel aux bienfaits exceptionnels. Le Miel de Sidr (Jujubier) est mondialement célèbre pour sa puissance thérapeutique et ses antioxydants exceptionnels. Traditionnellement utilisé pour traiter les blessures, résister aux microbes et fortifier le corps après une maladie, c'est un investissement pour la santé.
49;Miel au Safran;1kg;200;Miel|Safran;latest/honey-zaafaran-1000.webp;honey;0;Un élixir de luxe et de bien-être. Un mélange rare du miel le plus fin et de l'épice la plus chère (le safran). En plus de sa haute valeur nutritionnelle, il est célèbre pour ses bienfaits potentiels à améliorer l'humeur, soutenir le système nerveux et la santé de la peau.
50;Miel au Safran;1.5kg;300;Miel|Safran|Famille;latest/honey-zaafaran-500-1000.webp;honey;0;Une touche dorée sur la table familiale. Ce format combine la rareté et la qualité du Miel au Safran à un prix plus abordable, permettant à la famille de vivre le luxe et des bienfaits nutritionnels exceptionnels en même temps.
51;Miel de Thym;1kg;400;Miel|Thym;latest/honey-zaatar-1000.webp;honey;0;L'antibiotique naturel. Le Miel de Thym est l'un des types de miel les plus puissants pour résister aux bactéries et aux infections de la gorge et des amygdales. Soutient efficacement la santé respiratoire et est le premier choix en médecine populaire pour traiter la toux et la congestion.
52;Miel de Thym;1.5kg;600;Miel|Thym|Famille;latest/honey-zaatar-500-1000.webp;honey;0;Une immunité naturelle pour toute la famille. Le format familial de ce miel fort signifie une protection à long terme pendant la saison des maladies, comme traitement préventif et thérapeutique efficace et sûr pour les petits comme pour les grands.
53;Miel de Thym;500g;200;Miel|Thym;latest/honey-zaatar-500.webp;honey;0;Une forte concentration de guérison. Sa texture épaisse et son goût concentré reflètent sa force. Une petite quantité est utilisée pour obtenir le bienfait souhaité, ce qui en fait un produit économique à long terme pour les soins de santé.
54;Miel de Daghmous;500g;150;Miel|Daghmous;latest/honeydaghmouss-500.webp;honey;0;Un complément alimentaire naturel par excellence. Le Miel de Daghmous pur est plus qu'un simple édulcorant ; c'est un aliment complet. Soutient les fonctions vitales du corps, renforce l'immunité, fournit de l'énergie et est le choix des sages pour le traitement et la prévention.